{
    "words": [
        {
            "content": "tide.chowari.jp - Private",
            "det_score": 0.9073718361258742,
            "direction": "horizontal",
            "points": [
                [
                    428,
                    2675
                ],
                [
                    857,
                    2675
                ],
                [
                    857,
                    2721
                ],
                [
                    428,
                    2721
                ]
            ],
            "rec_score": 0.9890074133872986
        },
        {
            "content": "マイページ",
            "det_score": 0.8452176984298874,
            "direction": "horizontal",
            "points": [
                [
                    1106,
                    2586
                ],
                [
                    1255,
                    2586
                ],
                [
                    1255,
                    2628
                ],
                [
                    1106,
                    2628
                ]
            ],
            "rec_score": 0.9998519420623779
        },
        {
            "content": "予約管理",
            "det_score": 0.9091456704380283,
            "direction": "horizontal",
            "points": [
                [
                    901,
                    2586
                ],
                [
                    1032,
                    2586
                ],
                [
                    1032,
                    2630
                ],
                [
                    901,
                    2630
                ]
            ],
            "rec_score": 0.9999897480010986
        },
        {
            "content": "お気に入り",
            "det_score": 0.8948245132688686,
            "direction": "horizontal",
            "points": [
                [
                    678,
                    2586
                ],
                [
                    826,
                    2586
                ],
                [
                    826,
                    2628
                ],
                [
                    678,
                    2628
                ]
            ],
            "rec_score": 0.9999995231628418
        },
        {
            "content": "ポイント交換",
            "det_score": 0.9137356852822833,
            "direction": "horizontal",
            "points": [
                [
                    454,
                    2586
                ],
                [
                    620,
                    2586
                ],
                [
                    620,
                    2628
                ],
                [
                    454,
                    2628
                ]
            ],
            "rec_score": 0.9999850988388062
        },
        {
            "content": "閲覧履歴",
            "det_score": 0.8819882500259315,
            "direction": "horizontal",
            "points": [
                [
                    256,
                    2586
                ],
                [
                    389,
                    2586
                ],
                [
                    389,
                    2628
                ],
                [
                    256,
                    2628
                ]
            ],
            "rec_score": 0.9998461008071899
        },
        {
            "content": "ホーム",
            "det_score": 0.8571726575925249,
            "direction": "horizontal",
            "points": [
                [
                    60,
                    2588
                ],
                [
                    152,
                    2588
                ],
                [
                    152,
                    2626
                ],
                [
                    60,
                    2626
                ]
            ],
            "rec_score": 0.9999959468841553
        },
        {
            "content": "C-",
            "det_score": 0.5415156461246364,
            "direction": "horizontal",
            "points": [
                [
                    501,
                    2522
                ],
                [
                    584,
                    2522
                ],
                [
                    584,
                    2578
                ],
                [
                    501,
                    2578
                ]
            ],
            "rec_score": 0.1436787098646164
        },
        {
            "content": "日",
            "det_score": 0.6343290758720692,
            "direction": "horizontal",
            "points": [
                [
                    931,
                    2515
                ],
                [
                    1010,
                    2515
                ],
                [
                    1010,
                    2585
                ],
                [
                    931,
                    2585
                ]
            ],
            "rec_score": 0.3316554129123688
        },
        {
            "content": "今すぐ無料ダウンロード",
            "det_score": 0.831714932571115,
            "direction": "horizontal",
            "points": [
                [
                    578,
                    2460
                ],
                [
                    1076,
                    2460
                ],
                [
                    1076,
                    2508
                ],
                [
                    578,
                    2508
                ]
            ],
            "rec_score": 0.7787238955497742
        },
        {
            "content": "BI",
            "det_score": 0.545758685329929,
            "direction": "horizontal",
            "points": [
                [
                    414,
                    2399
                ],
                [
                    447,
                    2399
                ],
                [
                    447,
                    2422
                ],
                [
                    414,
                    2422
                ]
            ],
            "rec_score": 0.9646978974342346
        },
        {
            "content": "100万ダウンロード達成",
            "det_score": 0.8954372721929444,
            "direction": "horizontal",
            "points": [
                [
                    531,
                    2343
                ],
                [
                    927,
                    2343
                ],
                [
                    927,
                    2391
                ],
                [
                    531,
                    2391
                ]
            ],
            "rec_score": 0.9998906850814819
        },
        {
            "content": "評価",
            "det_score": 0.7774515786918543,
            "direction": "horizontal",
            "points": [
                [
                    959,
                    2343
                ],
                [
                    1050,
                    2343
                ],
                [
                    1050,
                    2394
                ],
                [
                    959,
                    2394
                ]
            ],
            "rec_score": 0.9391041994094849
        },
        {
            "content": "乗船名簿",
            "det_score": 0.9012122935112773,
            "direction": "horizontal",
            "points": [
                [
                    1069,
                    2321
                ],
                [
                    1236,
                    2321
                ],
                [
                    1236,
                    2373
                ],
                [
                    1069,
                    2373
                ]
            ],
            "rec_score": 0.9919601082801819
        },
        {
            "content": "無料の潮見表アプリ",
            "det_score": 0.942592349336453,
            "direction": "horizontal",
            "points": [
                [
                    515,
                    2242
                ],
                [
                    1058,
                    2238
                ],
                [
                    1059,
                    2305
                ],
                [
                    516,
                    2309
                ]
            ],
            "rec_score": 0.9994566440582275
        },
        {
            "content": "7月21日(金) 中国",
            "det_score": 0.6012046141259731,
            "direction": "horizontal",
            "points": [
                [
                    242,
                    2177
                ],
                [
                    363,
                    2177
                ],
                [
                    363,
                    2209
                ],
                [
                    242,
                    2209
                ]
            ],
            "rec_score": 0.023465203121304512
        },
        {
            "content": "圧倒的に見やすい",
            "det_score": 0.9350870821023733,
            "direction": "horizontal",
            "points": [
                [
                    517,
                    2146
                ],
                [
                    1135,
                    2142
                ],
                [
                    1136,
                    2221
                ],
                [
                    517,
                    2225
                ]
            ],
            "rec_score": 0.9999521970748901
        },
        {
            "content": "加尾漁港",
            "det_score": 0.6485828812475557,
            "direction": "horizontal",
            "points": [
                [
                    263,
                    2146
                ],
                [
                    337,
                    2146
                ],
                [
                    337,
                    2174
                ],
                [
                    263,
                    2174
                ]
            ],
            "rec_score": 0.9344330430030823
        },
        {
            "content": "24:00",
            "det_score": 0.9259876350689684,
            "direction": "horizontal",
            "points": [
                [
                    1143,
                    1987
                ],
                [
                    1260,
                    1987
                ],
                [
                    1260,
                    2034
                ],
                [
                    1143,
                    2034
                ]
            ],
            "rec_score": 0.9999940395355225
        },
        {
            "content": "18:00",
            "det_score": 0.9117745626936941,
            "direction": "horizontal",
            "points": [
                [
                    899,
                    1987
                ],
                [
                    1013,
                    1987
                ],
                [
                    1013,
                    2034
                ],
                [
                    899,
                    2034
                ]
            ],
            "rec_score": 0.9999961853027344
        },
        {
            "content": "12:00",
            "det_score": 0.9116468786526082,
            "direction": "horizontal",
            "points": [
                [
                    591,
                    1987
                ],
                [
                    703,
                    1987
                ],
                [
                    703,
                    2034
                ],
                [
                    591,
                    2034
                ]
            ],
            "rec_score": 0.9999946355819702
        },
        {
            "content": "6:00",
            "det_score": 0.9034220147743929,
            "direction": "horizontal",
            "points": [
                [
                    287,
                    1987
                ],
                [
                    382,
                    1987
                ],
                [
                    382,
                    2034
                ],
                [
                    287,
                    2034
                ]
            ],
            "rec_score": 0.9999948740005493
        },
        {
            "content": "0:00",
            "det_score": 0.9059422500019143,
            "direction": "horizontal",
            "points": [
                [
                    25,
                    1987
                ],
                [
                    119,
                    1987
                ],
                [
                    119,
                    2034
                ],
                [
                    25,
                    2034
                ]
            ],
            "rec_score": 0.9999841451644897
        },
        {
            "content": "-80cm",
            "det_score": 0.8814721022641038,
            "direction": "horizontal",
            "points": [
                [
                    25,
                    1934
                ],
                [
                    144,
                    1934
                ],
                [
                    144,
                    1982
                ],
                [
                    25,
                    1982
                ]
            ],
            "rec_score": 0.998581051826477
        },
        {
            "content": "200cm",
            "det_score": 0.9029050231052697,
            "direction": "horizontal",
            "points": [
                [
                    23,
                    1545
                ],
                [
                    154,
                    1545
                ],
                [
                    154,
                    1592
                ],
                [
                    23,
                    1592
                ]
            ],
            "rec_score": 0.9999462366104126
        },
        {
            "content": "400cm",
            "det_score": 0.8663649956385294,
            "direction": "horizontal",
            "points": [
                [
                    26,
                    1288
                ],
                [
                    156,
                    1288
                ],
                [
                    156,
                    1335
                ],
                [
                    26,
                    1335
                ]
            ],
            "rec_score": 0.9998282194137573
        },
        {
            "content": "BI(爆釣指数)",
            "det_score": 0.9308666320240843,
            "direction": "horizontal",
            "points": [
                [
                    775,
                    1155
                ],
                [
                    1115,
                    1155
                ],
                [
                    1115,
                    1216
                ],
                [
                    775,
                    1216
                ]
            ],
            "rec_score": 0.6485157012939453
        },
        {
            "content": "潮汐",
            "det_score": 0.9188014681228495,
            "direction": "horizontal",
            "points": [
                [
                    273,
                    1155
                ],
                [
                    396,
                    1155
                ],
                [
                    396,
                    1218
                ],
                [
                    273,
                    1218
                ]
            ],
            "rec_score": 0.9997274279594421
        },
        {
            "content": "66cm",
            "det_score": 0.9016666811161725,
            "direction": "horizontal",
            "points": [
                [
                    1059,
                    1022
                ],
                [
                    1204,
                    1022
                ],
                [
                    1204,
                    1076
                ],
                [
                    1059,
                    1076
                ]
            ],
            "rec_score": 0.9999620914459229
        },
        {
            "content": "213cm",
            "det_score": 0.9277218481898308,
            "direction": "horizontal",
            "points": [
                [
                    795,
                    1018
                ],
                [
                    971,
                    1023
                ],
                [
                    970,
                    1077
                ],
                [
                    794,
                    1073
                ]
            ],
            "rec_score": 0.9999856948852539
        },
        {
            "content": "208cm",
            "det_score": 0.9172158447349338,
            "direction": "horizontal",
            "points": [
                [
                    309,
                    1018
                ],
                [
                    488,
                    1023
                ],
                [
                    486,
                    1077
                ],
                [
                    308,
                    1073
                ]
            ],
            "rec_score": 0.9999709129333496
        },
        {
            "content": "22cm",
            "det_score": 0.921223951353809,
            "direction": "horizontal",
            "points": [
                [
                    567,
                    1018
                ],
                [
                    714,
                    1023
                ],
                [
                    712,
                    1079
                ],
                [
                    566,
                    1074
                ]
            ],
            "rec_score": 0.999981164932251
        },
        {
            "content": "潮位",
            "det_score": 0.9249145171965503,
            "direction": "horizontal",
            "points": [
                [
                    93,
                    979
                ],
                [
                    210,
                    979
                ],
                [
                    210,
                    1042
                ],
                [
                    93,
                    1042
                ]
            ],
            "rec_score": 0.9991765022277832
        },
        {
            "content": "干潮",
            "det_score": 0.9111093597279655,
            "direction": "horizontal",
            "points": [
                [
                    1074,
                    944
                ],
                [
                    1190,
                    944
                ],
                [
                    1190,
                    1007
                ],
                [
                    1074,
                    1007
                ]
            ],
            "rec_score": 0.9975346326828003
        },
        {
            "content": "満潮",
            "det_score": 0.9048400865230853,
            "direction": "horizontal",
            "points": [
                [
                    826,
                    944
                ],
                [
                    941,
                    944
                ],
                [
                    941,
                    1005
                ],
                [
                    826,
                    1005
                ]
            ],
            "rec_score": 0.9998600482940674
        },
        {
            "content": "干潮",
            "det_score": 0.8723579329550266,
            "direction": "horizontal",
            "points": [
                [
                    584,
                    942
                ],
                [
                    703,
                    942
                ],
                [
                    703,
                    1003
                ],
                [
                    584,
                    1003
                ]
            ],
            "rec_score": 0.9985693097114563
        },
        {
            "content": "満潮",
            "det_score": 0.9148438194197072,
            "direction": "horizontal",
            "points": [
                [
                    340,
                    942
                ],
                [
                    456,
                    942
                ],
                [
                    456,
                    1003
                ],
                [
                    340,
                    1003
                ]
            ],
            "rec_score": 0.9997969269752502
        },
        {
            "content": "23:39",
            "det_score": 0.9159602527848613,
            "direction": "horizontal",
            "points": [
                [
                    1057,
                    856
                ],
                [
                    1204,
                    856
                ],
                [
                    1204,
                    910
                ],
                [
                    1057,
                    910
                ]
            ],
            "rec_score": 0.9999972581863403
        },
        {
            "content": "17:59",
            "det_score": 0.9015158354689222,
            "direction": "horizontal",
            "points": [
                [
                    812,
                    856
                ],
                [
                    959,
                    856
                ],
                [
                    959,
                    910
                ],
                [
                    812,
                    910
                ]
            ],
            "rec_score": 0.9999905824661255
        },
        {
            "content": "11:19",
            "det_score": 0.8900769453103047,
            "direction": "horizontal",
            "points": [
                [
                    571,
                    856
                ],
                [
                    713,
                    856
                ],
                [
                    713,
                    910
                ],
                [
                    571,
                    910
                ]
            ],
            "rec_score": 0.9999635219573975
        },
        {
            "content": "04:59",
            "det_score": 0.9024765196307138,
            "direction": "horizontal",
            "points": [
                [
                    324,
                    856
                ],
                [
                    471,
                    856
                ],
                [
                    471,
                    910
                ],
                [
                    324,
                    910
                ]
            ],
            "rec_score": 0.9999876022338867
        },
        {
            "content": "潮時",
            "det_score": 0.9218902383828301,
            "direction": "horizontal",
            "points": [
                [
                    93,
                    849
                ],
                [
                    210,
                    849
                ],
                [
                    210,
                    912
                ],
                [
                    93,
                    912
                ]
            ],
            "rec_score": 0.999294638633728
        },
        {
            "content": "04:18",
            "det_score": 0.9073023238762035,
            "direction": "horizontal",
            "points": [
                [
                    1031,
                    722
                ],
                [
                    1180,
                    722
                ],
                [
                    1180,
                    776
                ],
                [
                    1031,
                    776
                ]
            ],
            "rec_score": 0.9999860525131226
        },
        {
            "content": "17:46",
            "det_score": 0.8998419053556737,
            "direction": "horizontal",
            "points": [
                [
                    724,
                    722
                ],
                [
                    869,
                    722
                ],
                [
                    869,
                    776
                ],
                [
                    724,
                    776
                ]
            ],
            "rec_score": 0.9999909400939941
        },
        {
            "content": "18:00",
            "det_score": 0.9170313629980326,
            "direction": "horizontal",
            "points": [
                [
                    415,
                    722
                ],
                [
                    561,
                    722
                ],
                [
                    561,
                    778
                ],
                [
                    415,
                    778
                ]
            ],
            "rec_score": 0.9999932050704956
        },
        {
            "content": "05:17",
            "det_score": 0.9156859095142479,
            "direction": "horizontal",
            "points": [
                [
                    102,
                    722
                ],
                [
                    251,
                    722
                ],
                [
                    251,
                    776
                ],
                [
                    102,
                    776
                ]
            ],
            "rec_score": 0.999990701675415
        },
        {
            "content": "月入",
            "det_score": 0.915819222149671,
            "direction": "horizontal",
            "points": [
                [
                    1045,
                    622
                ],
                [
                    1153,
                    622
                ],
                [
                    1153,
                    683
                ],
                [
                    1045,
                    683
                ]
            ],
            "rec_score": 0.9996438026428223
        },
        {
            "content": "月出",
            "det_score": 0.9097026169200516,
            "direction": "horizontal",
            "points": [
                [
                    741,
                    622
                ],
                [
                    847,
                    622
                ],
                [
                    847,
                    683
                ],
                [
                    741,
                    683
                ]
            ],
            "rec_score": 0.9999922513961792
        },
        {
            "content": "日入",
            "det_score": 0.9104059703942746,
            "direction": "horizontal",
            "points": [
                [
                    436,
                    622
                ],
                [
                    542,
                    622
                ],
                [
                    542,
                    683
                ],
                [
                    436,
                    683
                ]
            ],
            "rec_score": 0.9956322312355042
        },
        {
            "content": "日出",
            "det_score": 0.9232557205782785,
            "direction": "horizontal",
            "points": [
                [
                    135,
                    620
                ],
                [
                    238,
                    620
                ],
                [
                    238,
                    683
                ],
                [
                    135,
                    683
                ]
            ],
            "rec_score": 0.999988317489624
        },
        {
            "content": "月齢14.9",
            "det_score": 0.9075697015116767,
            "direction": "horizontal",
            "points": [
                [
                    854,
                    458
                ],
                [
                    1060,
                    458
                ],
                [
                    1060,
                    517
                ],
                [
                    854,
                    517
                ]
            ],
            "rec_score": 0.9958793520927429
        },
        {
            "content": "9月7日(日)",
            "det_score": 0.9169545198752724,
            "direction": "horizontal",
            "points": [
                [
                    228,
                    458
                ],
                [
                    508,
                    458
                ],
                [
                    508,
                    517
                ],
                [
                    228,
                    517
                ]
            ],
            "rec_score": 0.8760321140289307
        },
        {
            "content": "大潮",
            "det_score": 0.9026657731156529,
            "direction": "horizontal",
            "points": [
                [
                    684,
                    458
                ],
                [
                    794,
                    458
                ],
                [
                    794,
                    517
                ],
                [
                    684,
                    517
                ]
            ],
            "rec_score": 0.9977981448173523
        },
        {
            "content": "潮見表·タイドグラフ",
            "det_score": 0.9464792230551364,
            "direction": "horizontal",
            "points": [
                [
                    324,
                    311
                ],
                [
                    957,
                    311
                ],
                [
                    957,
                    384
                ],
                [
                    324,
                    384
                ]
            ],
            "rec_score": 0.9995414018630981
        },
        {
            "content": "マガジン",
            "det_score": 0.9198333984333432,
            "direction": "horizontal",
            "points": [
                [
                    617,
                    220
                ],
                [
                    790,
                    220
                ],
                [
                    790,
                    271
                ],
                [
                    617,
                    271
                ]
            ],
            "rec_score": 0.9999877214431763
        },
        {
            "content": "神奈川県",
            "det_score": 0.9333809872523591,
            "direction": "horizontal",
            "points": [
                [
                    103,
                    220
                ],
                [
                    284,
                    220
                ],
                [
                    284,
                    273
                ],
                [
                    103,
                    273
                ]
            ],
            "rec_score": 0.9999992847442627
        },
        {
            "content": "マダイ",
            "det_score": 0.9067288761173126,
            "direction": "horizontal",
            "points": [
                [
                    384,
                    218
                ],
                [
                    515,
                    218
                ],
                [
                    515,
                    273
                ],
                [
                    384,
                    273
                ]
            ],
            "rec_score": 0.999992847442627
        },
        {
            "content": "果",
            "det_score": 0.5984827061157442,
            "direction": "horizontal",
            "points": [
                [
                    0,
                    222
                ],
                [
                    32,
                    222
                ],
                [
                    32,
                    273
                ],
                [
                    0,
                    273
                ]
            ],
            "rec_score": 0.9553002715110779
        },
        {
            "content": "潮見表・タイドグラフ",
            "det_score": 0.9295204671417001,
            "direction": "horizontal",
            "points": [
                [
                    861,
                    215
                ],
                [
                    1257,
                    215
                ],
                [
                    1257,
                    266
                ],
                [
                    861,
                    266
                ]
            ],
            "rec_score": 0.7622252106666565
        },
        {
            "content": "ull 4G 72",
            "det_score": 0.8665634273333457,
            "direction": "horizontal",
            "points": [
                [
                    906,
                    60
                ],
                [
                    1158,
                    56
                ],
                [
                    1159,
                    112
                ],
                [
                    907,
                    116
                ]
            ],
            "rec_score": 0.25668326020240784
        },
        {
            "content": "17:54",
            "det_score": 0.9398551237225644,
            "direction": "horizontal",
            "points": [
                [
                    167,
                    58
                ],
                [
                    315,
                    58
                ],
                [
                    315,
                    114
                ],
                [
                    167,
                    114
                ]
            ],
            "rec_score": 0.9999915361404419
        }
    ]
}