{
    "words": [
        {
            "content": "[9月8日 08:42 ]野球",
            "det_score": 0.8968899985891642,
            "direction": "horizontal",
            "points": [
                [
                    428,
                    428
                ],
                [
                    545,
                    428
                ],
                [
                    545,
                    443
                ],
                [
                    428,
                    443
                ]
            ],
            "rec_score": 0.37139779329299927
        },
        {
            "content": "2025年9月8日 05:30",
            "det_score": 0.9068698958908397,
            "direction": "horizontal",
            "points": [
                [
                    221,
                    428
                ],
                [
                    334,
                    428
                ],
                [
                    334,
                    442
                ],
                [
                    221,
                    442
                ]
            ],
            "rec_score": 0.9995672702789307
        },
        {
            "content": "れ途中交代 Rソックスは連...",
            "det_score": 0.9064650832631264,
            "direction": "horizontal",
            "points": [
                [
                    427,
                    405
                ],
                [
                    659,
                    405
                ],
                [
                    659,
                    424
                ],
                [
                    427,
                    424
                ]
            ],
            "rec_score": 0.9915220141410828
        },
        {
            "content": "高市氏",
            "det_score": 0.9091550376046841,
            "direction": "horizontal",
            "points": [
                [
                    221,
                    405
                ],
                [
                    273,
                    405
                ],
                [
                    273,
                    424
                ],
                [
                    221,
                    424
                ]
            ],
            "rec_score": 0.9994490742683411
        },
        {
            "content": "小林",
            "det_score": 0.5130171165476705,
            "direction": "horizontal",
            "points": [
                [
                    94,
                    406
                ],
                [
                    114,
                    406
                ],
                [
                    114,
                    418
                ],
                [
                    94,
                    418
                ]
            ],
            "rec_score": 0.9926137328147888
        },
        {
            "content": "△",
            "det_score": 0.5707254670998629,
            "direction": "horizontal",
            "points": [
                [
                    71,
                    406
                ],
                [
                    78,
                    406
                ],
                [
                    78,
                    416
                ],
                [
                    71,
                    416
                ]
            ],
            "rec_score": 0.9417896866798401
        },
        {
            "content": "高市",
            "det_score": 0.6035747234459206,
            "direction": "horizontal",
            "points": [
                [
                    93,
                    393
                ],
                [
                    115,
                    393
                ],
                [
                    115,
                    405
                ],
                [
                    93,
                    405
                ]
            ],
            "rec_score": 0.7383998036384583
        },
        {
            "content": "9",
            "det_score": 0.535236713658903,
            "direction": "horizontal",
            "points": [
                [
                    70,
                    394
                ],
                [
                    78,
                    394
                ],
                [
                    78,
                    404
                ],
                [
                    70,
                    404
                ]
            ],
            "rec_score": 0.22642895579338074
        },
        {
            "content": "ーヒット...9回好機は代打送ら",
            "det_score": 0.9175964479309893,
            "direction": "horizontal",
            "points": [
                [
                    428,
                    385
                ],
                [
                    658,
                    385
                ],
                [
                    658,
                    403
                ],
                [
                    428,
                    403
                ]
            ],
            "rec_score": 0.9925539493560791
        },
        {
            "content": "小泉進次郎氏 対抗は",
            "det_score": 0.9029341927380963,
            "direction": "horizontal",
            "points": [
                [
                    221,
                    385
                ],
                [
                    392,
                    385
                ],
                [
                    392,
                    404
                ],
                [
                    221,
                    404
                ]
            ],
            "rec_score": 0.9987433552742004
        },
        {
            "content": "奥州",
            "det_score": 0.6569188734516502,
            "direction": "horizontal",
            "points": [
                [
                    154,
                    381
                ],
                [
                    169,
                    381
                ],
                [
                    169,
                    390
                ],
                [
                    154,
                    390
                ]
            ],
            "rec_score": 0.7199355363845825
        },
        {
            "content": "小泉進次郎",
            "det_score": 0.7302767334213777,
            "direction": "horizontal",
            "points": [
                [
                    93,
                    380
                ],
                [
                    143,
                    380
                ],
                [
                    143,
                    392
                ],
                [
                    93,
                    392
                ]
            ],
            "rec_score": 0.604633092880249
        },
        {
            "content": "吉田正尚は2戦連続1番打者もノ",
            "det_score": 0.9154098934308574,
            "direction": "horizontal",
            "points": [
                [
                    428,
                    365
                ],
                [
                    667,
                    366
                ],
                [
                    667,
                    383
                ],
                [
                    428,
                    382
                ]
            ],
            "rec_score": 0.9991679787635803
        },
        {
            "content": "ポスト石破氏 本命は",
            "det_score": 0.9156339850965931,
            "direction": "horizontal",
            "points": [
                [
                    221,
                    365
                ],
                [
                    392,
                    365
                ],
                [
                    392,
                    384
                ],
                [
                    221,
                    384
                ]
            ],
            "rec_score": 0.998127281665802
        },
        {
            "content": "中堅",
            "det_score": 0.6329829681975145,
            "direction": "horizontal",
            "points": [
                [
                    188,
                    367
                ],
                [
                    204,
                    367
                ],
                [
                    204,
                    377
                ],
                [
                    188,
                    377
                ]
            ],
            "rec_score": 0.3408805727958679
        },
        {
            "content": "万章",
            "det_score": 0.6980758606599121,
            "direction": "horizontal",
            "points": [
                [
                    153,
                    367
                ],
                [
                    169,
                    367
                ],
                [
                    169,
                    377
                ],
                [
                    153,
                    377
                ]
            ],
            "rec_score": 0.229328915476799
        },
        {
            "content": "予想立候補者",
            "det_score": 0.8083491321899081,
            "direction": "horizontal",
            "points": [
                [
                    78,
                    365
                ],
                [
                    141,
                    365
                ],
                [
                    141,
                    379
                ],
                [
                    78,
                    379
                ]
            ],
            "rec_score": 0.9700365662574768
        },
        {
            "content": "NEW",
            "det_score": 0.8835400530732558,
            "direction": "horizontal",
            "points": [
                [
                    437,
                    342
                ],
                [
                    466,
                    342
                ],
                [
                    466,
                    354
                ],
                [
                    437,
                    354
                ]
            ],
            "rec_score": 0.9793898463249207
        },
        {
            "content": "NEW",
            "det_score": 0.8819803499196522,
            "direction": "horizontal",
            "points": [
                [
                    230,
                    342
                ],
                [
                    259,
                    342
                ],
                [
                    259,
                    354
                ],
                [
                    230,
                    354
                ]
            ],
            "rec_score": 0.9793898463249207
        },
        {
            "content": "[9月8日 08:54]野球",
            "det_score": 0.90847251905649,
            "direction": "horizontal",
            "points": [
                [
                    480,
                    341
                ],
                [
                    598,
                    341
                ],
                [
                    598,
                    355
                ],
                [
                    480,
                    355
                ]
            ],
            "rec_score": 0.6301987171173096
        },
        {
            "content": "2025年9月8日 10:01",
            "det_score": 0.9159164364882157,
            "direction": "horizontal",
            "points": [
                [
                    273,
                    340
                ],
                [
                    386,
                    340
                ],
                [
                    386,
                    355
                ],
                [
                    273,
                    355
                ]
            ],
            "rec_score": 0.9994386434555054
        },
        {
            "content": "腕が17戦連続無失点で29セー...",
            "det_score": 0.8851301680274721,
            "direction": "horizontal",
            "points": [
                [
                    428,
                    315
                ],
                [
                    674,
                    315
                ],
                [
                    674,
                    333
                ],
                [
                    428,
                    333
                ]
            ],
            "rec_score": 0.977278470993042
        },
        {
            "content": "0% 主要キャスト清...",
            "det_score": 0.8874713513511844,
            "direction": "horizontal",
            "points": [
                [
                    221,
                    315
                ],
                [
                    402,
                    315
                ],
                [
                    402,
                    333
                ],
                [
                    221,
                    333
                ]
            ],
            "rec_score": 0.9973917007446289
        },
        {
            "content": "ング4奪三振の“離れ業”37歳剛",
            "det_score": 0.9295208140155166,
            "direction": "horizontal",
            "points": [
                [
                    429,
                    295
                ],
                [
                    663,
                    295
                ],
                [
                    663,
                    314
                ],
                [
                    429,
                    314
                ]
            ],
            "rec_score": 0.3320159912109375
        },
        {
            "content": "テ」最終回視聴率11·",
            "det_score": 0.9167387114597376,
            "direction": "horizontal",
            "points": [
                [
                    221,
                    295
                ],
                [
                    392,
                    295
                ],
                [
                    392,
                    313
                ],
                [
                    221,
                    313
                ]
            ],
            "rec_score": 0.4767013490200043
        },
        {
            "content": "Rソックス·チャプマンが1イニ",
            "det_score": 0.925818933692148,
            "direction": "horizontal",
            "points": [
                [
                    428,
                    275
                ],
                [
                    671,
                    275
                ],
                [
                    671,
                    294
                ],
                [
                    428,
                    294
                ]
            ],
            "rec_score": 0.9711419343948364
        },
        {
            "content": "TBS「19番目のカル",
            "det_score": 0.9426734379538965,
            "direction": "horizontal",
            "points": [
                [
                    221,
                    276
                ],
                [
                    382,
                    276
                ],
                [
                    382,
                    293
                ],
                [
                    221,
                    293
                ]
            ],
            "rec_score": 0.794352650642395
        },
        {
            "content": "NEW",
            "det_score": 0.8987640094970851,
            "direction": "horizontal",
            "points": [
                [
                    437,
                    252
                ],
                [
                    466,
                    252
                ],
                [
                    466,
                    264
                ],
                [
                    437,
                    264
                ]
            ],
            "rec_score": 0.9793898463249207
        },
        {
            "content": "[9月8日 09:00 ]野球",
            "det_score": 0.8932260881727659,
            "direction": "horizontal",
            "points": [
                [
                    479,
                    250
                ],
                [
                    598,
                    250
                ],
                [
                    598,
                    265
                ],
                [
                    479,
                    265
                ]
            ],
            "rec_score": 0.861433744430542
        },
        {
            "content": "2025年9月8日 05:30",
            "det_score": 0.893434400346229,
            "direction": "horizontal",
            "points": [
                [
                    221,
                    248
                ],
                [
                    334,
                    248
                ],
                [
                    334,
                    262
                ],
                [
                    221,
                    262
                ]
            ],
            "rec_score": 0.9995672702789307
        },
        {
            "content": "愛でる。 「遺産」継承のマ...",
            "det_score": 0.8217548739947561,
            "direction": "horizontal",
            "points": [
                [
                    428,
                    225
                ],
                [
                    665,
                    225
                ],
                [
                    665,
                    244
                ],
                [
                    428,
                    244
                ]
            ],
            "rec_score": 0.8933262825012207
        },
        {
            "content": "出 48号でシュワバ...",
            "det_score": 0.9071279107293696,
            "direction": "horizontal",
            "points": [
                [
                    221,
                    225
                ],
                [
                    397,
                    225
                ],
                [
                    397,
                    244
                ],
                [
                    221,
                    244
                ]
            ],
            "rec_score": 0.9893499612808228
        },
        {
            "content": "版】春に桜は見えず、秋は月を",
            "det_score": 0.9147348442493763,
            "direction": "horizontal",
            "points": [
                [
                    428,
                    205
                ],
                [
                    665,
                    205
                ],
                [
                    665,
                    224
                ],
                [
                    428,
                    224
                ]
            ],
            "rec_score": 0.9976425170898438
        },
        {
            "content": "発でドジャース連敗脱",
            "det_score": 0.9195026673112683,
            "direction": "horizontal",
            "points": [
                [
                    221,
                    205
                ],
                [
                    391,
                    205
                ],
                [
                    391,
                    224
                ],
                [
                    221,
                    224
                ]
            ],
            "rec_score": 0.9441816806793213
        },
        {
            "content": "大谷翔平 菅野から2",
            "det_score": 0.9238397789286678,
            "direction": "horizontal",
            "points": [
                [
                    221,
                    185
                ],
                [
                    386,
                    185
                ],
                [
                    386,
                    204
                ],
                [
                    221,
                    204
                ]
            ],
            "rec_score": 0.9957833886146545
        },
        {
            "content": "【内田雅也の追球 優勝特別",
            "det_score": 0.9273616559693219,
            "direction": "horizontal",
            "points": [
                [
                    438,
                    185
                ],
                [
                    646,
                    185
                ],
                [
                    646,
                    203
                ],
                [
                    438,
                    203
                ]
            ],
            "rec_score": 0.9903562068939209
        },
        {
            "content": "NEW",
            "det_score": 0.9146062958703822,
            "direction": "horizontal",
            "points": [
                [
                    437,
                    161
                ],
                [
                    466,
                    161
                ],
                [
                    466,
                    175
                ],
                [
                    437,
                    175
                ]
            ],
            "rec_score": 0.9984562993049622
        },
        {
            "content": "[ 9月8日 09:14 ]芸能",
            "det_score": 0.9045213130991097,
            "direction": "horizontal",
            "points": [
                [
                    481,
                    160
                ],
                [
                    597,
                    160
                ],
                [
                    597,
                    175
                ],
                [
                    481,
                    175
                ]
            ],
            "rec_score": 0.6165875792503357
        },
        {
            "content": "NEW",
            "det_score": 0.9027052739467232,
            "direction": "horizontal",
            "points": [
                [
                    84,
                    157
                ],
                [
                    111,
                    157
                ],
                [
                    111,
                    170
                ],
                [
                    84,
                    170
                ]
            ],
            "rec_score": 0.9995111227035522
        },
        {
            "content": "2025年9月8日 10:31",
            "det_score": 0.8866500076917139,
            "direction": "horizontal",
            "points": [
                [
                    126,
                    155
                ],
                [
                    238,
                    155
                ],
                [
                    238,
                    169
                ],
                [
                    126,
                    169
                ]
            ],
            "rec_score": 0.9990981221199036
        },
        {
            "content": "S「三姉妹にしか見えない」...",
            "det_score": 0.9188274285521109,
            "direction": "horizontal",
            "points": [
                [
                    428,
                    135
                ],
                [
                    660,
                    135
                ],
                [
                    660,
                    153
                ],
                [
                    428,
                    153
                ]
            ],
            "rec_score": 0.8518334627151489
        },
        {
            "content": "×広島戦(甲子園、後6·00) の平均世帯視...",
            "det_score": 0.8972190692787864,
            "direction": "horizontal",
            "points": [
                [
                    75,
                    120
                ],
                [
                    402,
                    120
                ],
                [
                    402,
                    137
                ],
                [
                    75,
                    137
                ]
            ],
            "rec_score": 0.6409486532211304
        },
        {
            "content": "しすぎるブラックコーデの母娘",
            "det_score": 0.9391543544420157,
            "direction": "horizontal",
            "points": [
                [
                    430,
                    115
                ],
                [
                    665,
                    115
                ],
                [
                    665,
                    133
                ],
                [
                    430,
                    133
                ]
            ],
            "rec_score": 0.9988506436347961
        },
        {
            "content": "されたプロ野球「サンテレビボックス席 阪神",
            "det_score": 0.9186359184574906,
            "direction": "horizontal",
            "points": [
                [
                    74,
                    100
                ],
                [
                    406,
                    99
                ],
                [
                    406,
                    117
                ],
                [
                    74,
                    117
                ]
            ],
            "rec_score": 0.969111442565918
        },
        {
            "content": "君島十和子さん 娘たちとの美",
            "det_score": 0.9196190804429741,
            "direction": "horizontal",
            "points": [
                [
                    428,
                    95
                ],
                [
                    665,
                    95
                ],
                [
                    665,
                    113
                ],
                [
                    428,
                    113
                ]
            ],
            "rec_score": 0.9845759272575378
        },
        {
            "content": "コピケッションギャ",
            "det_score": 0.7086793711115865,
            "direction": "horizontal",
            "points": [
                [
                    693,
                    96
                ],
                [
                    731,
                    96
                ],
                [
                    731,
                    106
                ],
                [
                    693,
                    106
                ]
            ],
            "rec_score": 3.928429578081705e-05
        },
        {
            "content": "7日にサンテレビ(兵庫県神戸市)で生中継",
            "det_score": 0.9023389480176647,
            "direction": "horizontal",
            "points": [
                [
                    90,
                    80
                ],
                [
                    401,
                    80
                ],
                [
                    401,
                    96
                ],
                [
                    90,
                    96
                ]
            ],
            "rec_score": 0.7723169922828674
        },
        {
            "content": "NEW",
            "det_score": 0.8687096381650388,
            "direction": "horizontal",
            "points": [
                [
                    437,
                    71
                ],
                [
                    466,
                    71
                ],
                [
                    466,
                    84
                ],
                [
                    437,
                    84
                ]
            ],
            "rec_score": 0.9978051781654358
        },
        {
            "content": "[ 9月8日 09:16]野球",
            "det_score": 0.9006012325672518,
            "direction": "horizontal",
            "points": [
                [
                    480,
                    69
                ],
                [
                    598,
                    69
                ],
                [
                    598,
                    85
                ],
                [
                    480,
                    85
                ]
            ],
            "rec_score": 0.6168458461761475
        },
        {
            "content": "リナーズは18得点で大勝",
            "det_score": 0.921347898433881,
            "direction": "horizontal",
            "points": [
                [
                    430,
                    45
                ],
                [
                    620,
                    45
                ],
                [
                    620,
                    63
                ],
                [
                    430,
                    63
                ]
            ],
            "rec_score": 0.9994475245475769
        },
        {
            "content": "島戦」視聴率14 ·8% 毎分最高...",
            "det_score": 0.9091869165058957,
            "direction": "horizontal",
            "points": [
                [
                    75,
                    40
                ],
                [
                    396,
                    40
                ],
                [
                    396,
                    61
                ],
                [
                    75,
                    61
                ]
            ],
            "rec_score": 0.33754420280456543
        },
        {
            "content": "ちシーズン最多記録に王手 マ",
            "det_score": 0.8752075425072212,
            "direction": "horizontal",
            "points": [
                [
                    429,
                    24
                ],
                [
                    666,
                    25
                ],
                [
                    666,
                    44
                ],
                [
                    429,
                    43
                ]
            ],
            "rec_score": 0.9960842728614807
        },
        {
            "content": "サンテレビ 優勝決定の「阪神一広",
            "det_score": 0.9144322747294882,
            "direction": "horizontal",
            "points": [
                [
                    74,
                    14
                ],
                [
                    397,
                    14
                ],
                [
                    397,
                    36
                ],
                [
                    74,
                    36
                ]
            ],
            "rec_score": 0.5140027403831482
        },
        {
            "content": "コーリーが2戦連発53号!両打",
            "det_score": 0.8930225050008493,
            "direction": "horizontal",
            "points": [
                [
                    433,
                    5
                ],
                [
                    664,
                    5
                ],
                [
                    664,
                    23
                ],
                [
                    433,
                    23
                ]
            ],
            "rec_score": 0.9914944767951965
        }
    ]
}