{
    "words": [
        {
            "content": "1編1章 物質の状態",
            "det_score": 0.8865002896138691,
            "direction": "horizontal",
            "points": [
                [
                    120,
                    1032
                ],
                [
                    232,
                    1032
                ],
                [
                    232,
                    1048
                ],
                [
                    120,
                    1048
                ]
            ],
            "rec_score": 0.9952565431594849
        },
        {
            "content": "10",
            "det_score": 0.8940019692693438,
            "direction": "horizontal",
            "points": [
                [
                    57,
                    1033
                ],
                [
                    75,
                    1033
                ],
                [
                    75,
                    1048
                ],
                [
                    57,
                    1048
                ]
            ],
            "rec_score": 0.9992451667785645
        },
        {
            "content": "る(図12)。気体1molが凝縮するときには、蒸発熱に等しい熱量(凝縮熱)が放出される。",
            "det_score": 0.9096833678637283,
            "direction": "horizontal",
            "points": [
                [
                    78,
                    949
                ],
                [
                    671,
                    949
                ],
                [
                    671,
                    970
                ],
                [
                    78,
                    970
                ]
            ],
            "rec_score": 0.7833582758903503
        },
        {
            "content": "$p.93",
            "det_score": 0.8438591346671727,
            "direction": "horizontal",
            "points": [
                [
                    320,
                    937
                ],
                [
                    352,
                    937
                ],
                [
                    352,
                    950
                ],
                [
                    320,
                    950
                ]
            ],
            "rec_score": 0.3453853130340576
        },
        {
            "content": "が蒸発するとき吸収される熱量を蒸発熱という。100°Cでの水の蒸発熱は40.7 kJ/molであ",
            "det_score": 0.8895240103705622,
            "direction": "horizontal",
            "points": [
                [
                    77,
                    920
                ],
                [
                    692,
                    920
                ],
                [
                    692,
                    940
                ],
                [
                    77,
                    940
                ]
            ],
            "rec_score": 0.49136993288993835
        },
        {
            "content": "液体から分子が蒸発するときには、液体から熱を奪うので液体の温度が下がる。液体1 mol",
            "det_score": 0.9296474019745473,
            "direction": "horizontal",
            "points": [
                [
                    92,
                    890
                ],
                [
                    692,
                    890
                ],
                [
                    692,
                    910
                ],
                [
                    92,
                    910
                ]
            ],
            "rec_score": 0.533285915851593
        },
        {
            "content": "う。一方、気体から液体になる現象を凝縮という。",
            "det_score": 0.9214760534280794,
            "direction": "horizontal",
            "points": [
                [
                    79,
                    861
                ],
                [
                    424,
                    861
                ],
                [
                    424,
                    882
                ],
                [
                    79,
                    882
                ]
            ],
            "rec_score": 0.4972679018974304
        },
        {
            "content": "復習",
            "det_score": 0.8013187212919867,
            "direction": "horizontal",
            "points": [
                [
                    41,
                    848
                ],
                [
                    71,
                    848
                ],
                [
                    71,
                    865
                ],
                [
                    41,
                    865
                ]
            ],
            "rec_score": 0.9985359311103821
        },
        {
            "content": "20",
            "det_score": 0.7880054166397223,
            "direction": "horizontal",
            "points": [
                [
                    735,
                    837
                ],
                [
                    748,
                    837
                ],
                [
                    748,
                    848
                ],
                [
                    735,
                    848
                ]
            ],
            "rec_score": 0.9964417219161987
        },
        {
            "content": "●蒸発 液体から気体になる現象を蒸発という。また、液体が沸騰する温度を沸点とい",
            "det_score": 0.9131223408146398,
            "direction": "horizontal",
            "points": [
                [
                    80,
                    832
                ],
                [
                    692,
                    832
                ],
                [
                    692,
                    853
                ],
                [
                    80,
                    853
                ]
            ],
            "rec_score": 0.9129124879837036
        },
        {
            "content": "+p.93",
            "det_score": 0.810829499335151,
            "direction": "horizontal",
            "points": [
                [
                    455,
                    820
                ],
                [
                    487,
                    820
                ],
                [
                    487,
                    833
                ],
                [
                    455,
                    833
                ]
            ],
            "rec_score": 0.3821060359477997
        },
        {
            "content": "液体1molが凝固するとき、融解熱と等しい熱量(凝固熱)が放出される。",
            "det_score": 0.9368786602359283,
            "direction": "horizontal",
            "points": [
                [
                    92,
                    802
                ],
                [
                    593,
                    803
                ],
                [
                    593,
                    822
                ],
                [
                    92,
                    822
                ]
            ],
            "rec_score": 0.6442874670028687
        },
        {
            "content": "こる温度を凝固点という。純物質の凝固点は融点に等しい。",
            "det_score": 0.9214094868417898,
            "direction": "horizontal",
            "points": [
                [
                    80,
                    774
                ],
                [
                    485,
                    774
                ],
                [
                    485,
                    793
                ],
                [
                    80,
                    793
                ]
            ],
            "rec_score": 0.9983042478561401
        },
        {
            "content": "復習",
            "det_score": 0.8338170581546722,
            "direction": "horizontal",
            "points": [
                [
                    41,
                    760
                ],
                [
                    71,
                    760
                ],
                [
                    71,
                    777
                ],
                [
                    41,
                    777
                ]
            ],
            "rec_score": 0.9990161061286926
        },
        {
            "content": "●凝固 液体を冷却すると、ある温度で固体になる。この現象を凝固といい、凝固が起",
            "det_score": 0.9209827989203822,
            "direction": "horizontal",
            "points": [
                [
                    80,
                    743
                ],
                [
                    692,
                    743
                ],
                [
                    692,
                    764
                ],
                [
                    80,
                    764
                ]
            ],
            "rec_score": 0.48650652170181274
        },
        {
            "content": "解熱は6.01 kJ/molである(図11)。",
            "det_score": 0.9104667030049294,
            "direction": "horizontal",
            "points": [
                [
                    77,
                    713
                ],
                [
                    329,
                    713
                ],
                [
                    329,
                    734
                ],
                [
                    77,
                    734
                ]
            ],
            "rec_score": 0.9263562560081482
        },
        {
            "content": "+p.93",
            "det_score": 0.7174829766453509,
            "direction": "horizontal",
            "points": [
                [
                    519,
                    702
                ],
                [
                    550,
                    702
                ],
                [
                    550,
                    715
                ],
                [
                    519,
                    715
                ]
            ],
            "rec_score": 0.19761720299720764
        },
        {
            "content": "15",
            "det_score": 0.7913942072126601,
            "direction": "horizontal",
            "points": [
                [
                    736,
                    690
                ],
                [
                    749,
                    690
                ],
                [
                    749,
                    701
                ],
                [
                    736,
                    701
                ]
            ],
            "rec_score": 0.5197216868400574
        },
        {
            "content": "1 molが融解するとき吸収される熱エネルギーの量(熱量)を融解熱という。水(氷)の融",
            "det_score": 0.8959546597108172,
            "direction": "horizontal",
            "points": [
                [
                    80,
                    684
                ],
                [
                    693,
                    684
                ],
                [
                    693,
                    705
                ],
                [
                    80,
                    705
                ]
            ],
            "rec_score": 0.6276353001594543
        },
        {
            "content": "る。これは、加えた熱エネルギーが状態変化だけに使われるためである。融点で、固体",
            "det_score": 0.906270761896588,
            "direction": "horizontal",
            "points": [
                [
                    79,
                    655
                ],
                [
                    693,
                    655
                ],
                [
                    693,
                    676
                ],
                [
                    79,
                    676
                ]
            ],
            "rec_score": 0.8324466943740845
        },
        {
            "content": "純物質の固体では、融解が始まってから完全に液体になるまでの間は、温度は一定にな",
            "det_score": 0.9307769779939293,
            "direction": "horizontal",
            "points": [
                [
                    92,
                    626
                ],
                [
                    692,
                    626
                ],
                [
                    692,
                    646
                ],
                [
                    92,
                    646
                ]
            ],
            "rec_score": 0.8970387578010559
        },
        {
            "content": "象を融解といい,融解が起こる温度を融点という。",
            "det_score": 0.8906196917294328,
            "direction": "horizontal",
            "points": [
                [
                    78,
                    597
                ],
                [
                    422,
                    597
                ],
                [
                    422,
                    616
                ],
                [
                    78,
                    616
                ]
            ],
            "rec_score": 0.5468619465827942
        },
        {
            "content": "復習",
            "det_score": 0.7749363549939862,
            "direction": "horizontal",
            "points": [
                [
                    40,
                    583
                ],
                [
                    72,
                    583
                ],
                [
                    72,
                    602
                ],
                [
                    40,
                    602
                ]
            ],
            "rec_score": 0.9983611702919006
        },
        {
            "content": "●融解 一定の圧力のもとで固体を加熱すると、ある温度で融けて液体になる。この現",
            "det_score": 0.9286154635839065,
            "direction": "horizontal",
            "points": [
                [
                    80,
                    567
                ],
                [
                    692,
                    567
                ],
                [
                    692,
                    589
                ],
                [
                    80,
                    589
                ]
            ],
            "rec_score": 0.8848811388015747
        },
        {
            "content": "10",
            "det_score": 0.7970677619943253,
            "direction": "horizontal",
            "points": [
                [
                    736,
                    525
                ],
                [
                    748,
                    525
                ],
                [
                    748,
                    536
                ],
                [
                    736,
                    536
                ]
            ],
            "rec_score": 0.9994874000549316
        },
        {
            "content": "どのような要因から生じるのだろうか。",
            "det_score": 0.9191989775104419,
            "direction": "horizontal",
            "points": [
                [
                    121,
                    520
                ],
                [
                    379,
                    520
                ],
                [
                    379,
                    539
                ],
                [
                    121,
                    539
                ]
            ],
            "rec_score": 0.9997832775115967
        },
        {
            "content": "個々の物質の融点や沸点の高低の違いは,",
            "det_score": 0.905353964676381,
            "direction": "horizontal",
            "points": [
                [
                    119,
                    496
                ],
                [
                    390,
                    496
                ],
                [
                    390,
                    515
                ],
                [
                    119,
                    515
                ]
            ],
            "rec_score": 0.8771247863769531
        },
        {
            "content": "?。",
            "det_score": 0.6052409537849066,
            "direction": "horizontal",
            "points": [
                [
                    67,
                    489
                ],
                [
                    93,
                    489
                ],
                [
                    93,
                    529
                ],
                [
                    67,
                    529
                ]
            ],
            "rec_score": 0.7001866698265076
        },
        {
            "content": "A 状態変化とエネルギー",
            "det_score": 0.8774024791515608,
            "direction": "horizontal",
            "points": [
                [
                    86,
                    443
                ],
                [
                    347,
                    442
                ],
                [
                    347,
                    467
                ],
                [
                    87,
                    468
                ]
            ],
            "rec_score": 0.9995672702789307
        },
        {
            "content": "◀グリーンランドの氷山",
            "det_score": 0.9049694691373649,
            "direction": "horizontal",
            "points": [
                [
                    443,
                    379
                ],
                [
                    575,
                    379
                ],
                [
                    575,
                    395
                ],
                [
                    443,
                    395
                ]
            ],
            "rec_score": 0.9945758581161499
        },
        {
            "content": "いだろうか。",
            "det_score": 0.905504897196295,
            "direction": "horizontal",
            "points": [
                [
                    450,
                    293
                ],
                [
                    522,
                    293
                ],
                [
                    522,
                    310
                ],
                [
                    450,
                    310
                ]
            ],
            "rec_score": 0.9999597072601318
        },
        {
            "content": "化を、エネルギーの面から説明できな",
            "det_score": 0.8714537248795453,
            "direction": "horizontal",
            "points": [
                [
                    449,
                    272
                ],
                [
                    669,
                    272
                ],
                [
                    669,
                    289
                ],
                [
                    449,
                    289
                ]
            ],
            "rec_score": 0.5129028558731079
        },
        {
            "content": "5",
            "det_score": 0.6928865505733351,
            "direction": "horizontal",
            "points": [
                [
                    735,
                    254
                ],
                [
                    745,
                    254
                ],
                [
                    745,
                    266
                ],
                [
                    735,
                    266
                ]
            ],
            "rec_score": 0.55070960521698
        },
        {
            "content": "まい方で状態が変化する。この状態変",
            "det_score": 0.9174680855692054,
            "direction": "horizontal",
            "points": [
                [
                    451,
                    251
                ],
                [
                    669,
                    251
                ],
                [
                    669,
                    268
                ],
                [
                    451,
                    268
                ]
            ],
            "rec_score": 0.9997512102127075
        },
        {
            "content": "体の3つの状態が存在し、粒子のふる",
            "det_score": 0.9416365573495675,
            "direction": "horizontal",
            "points": [
                [
                    449,
                    230
                ],
                [
                    668,
                    230
                ],
                [
                    668,
                    248
                ],
                [
                    449,
                    248
                ]
            ],
            "rec_score": 0.8444130420684814
        },
        {
            "content": "start!",
            "det_score": 0.8632901048770658,
            "direction": "horizontal",
            "points": [
                [
                    92,
                    210
                ],
                [
                    145,
                    208
                ],
                [
                    146,
                    226
                ],
                [
                    92,
                    227
                ]
            ],
            "rec_score": 0.9315429329872131
        },
        {
            "content": "すべての物質には、固体,液体,気",
            "det_score": 0.917115194344241,
            "direction": "horizontal",
            "points": [
                [
                    463,
                    208
                ],
                [
                    669,
                    208
                ],
                [
                    669,
                    227
                ],
                [
                    463,
                    227
                ]
            ],
            "rec_score": 0.38552325963974
        },
        {
            "content": "Let's",
            "det_score": 0.8824612399226143,
            "direction": "horizontal",
            "points": [
                [
                    97,
                    195
                ],
                [
                    139,
                    195
                ],
                [
                    139,
                    212
                ],
                [
                    97,
                    212
                ]
            ],
            "rec_score": 0.9991147518157959
        },
        {
            "content": "物質の三態",
            "det_score": 0.9326077674190718,
            "direction": "horizontal",
            "points": [
                [
                    158,
                    133
                ],
                [
                    286,
                    131
                ],
                [
                    286,
                    159
                ],
                [
                    159,
                    160
                ]
            ],
            "rec_score": 0.9796924591064453
        },
        {
            "content": "1節",
            "det_score": 0.8811309887349473,
            "direction": "horizontal",
            "points": [
                [
                    89,
                    132
                ],
                [
                    139,
                    132
                ],
                [
                    139,
                    162
                ],
                [
                    89,
                    162
                ]
            ],
            "rec_score": 0.9981838464736938
        },
        {
            "content": "物質の状態",
            "det_score": 0.9191106604447051,
            "direction": "horizontal",
            "points": [
                [
                    151,
                    43
                ],
                [
                    376,
                    43
                ],
                [
                    376,
                    84
                ],
                [
                    151,
                    84
                ]
            ],
            "rec_score": 0.9999185800552368
        },
        {
            "content": "1章4",
            "det_score": 0.5724418264096807,
            "direction": "horizontal",
            "points": [
                [
                    29,
                    19
                ],
                [
                    166,
                    19
                ],
                [
                    166,
                    94
                ],
                [
                    29,
                    94
                ]
            ],
            "rec_score": 0.2965601682662964
        }
    ]
}